{
  "regions": [
    {
      "name": "Toshkent shahri",
      "districts": [
        {
          "name": "Yunusobod",
          "posts": [
            "100000",
            "100001",
            "100002"
          ]
        },
        {
          "name": "Chilonzor",
          "posts": [
            "100100",
            "100101"
          ]
        },
        {
          "name": "Mirzo Ulug'bek",
          "posts": [
            "100150",
            "100151"
          ]
        }
      ]
    },
    {
      "name": "Toshkent viloyati",
      "districts": [
        {
          "name": "Angren",
          "posts": [
            "110200",
            "110201"
          ]
        },
        {
          "name": "Olmaliq",
          "posts": [
            "110300"
          ]
        },
        {
          "name": "Chirchiq",
          "posts": [
            "111000",
            "111001"
          ]
        }
      ]
    },
    {
      "name": "Samarqand viloyati",
      "districts": [
        {
          "name": "Samarqand shahri",
          "posts": [
            "140100",
            "140101"
          ]
        },
        {
          "name": "Urgut",
          "posts": [
            "141200"
          ]
        },
        {
          "name": "Kattaqo'rg'on",
          "posts": [
            "142000"
          ]
        }
      ]
    },
    {
      "name": "Farg'ona viloyati",
      "districts": [
        {
          "name": "Farg'ona shahri",
          "posts": [
            "150100"
          ]
        },
        {
          "name": "Qo'qon",
          "posts": [
            "151000"
          ]
        },
        {
          "name": "Marg'ilon",
          "posts": [
            "152000"
          ]
        }
      ]
    }
  ]
}