{
  "version": 1,
  "bigChips": [
    {
      "id": "tests",
      "title": "Testlar",
      "icon": "media/sections/tests.webp"
    },
    {
      "id": "simulators",
      "title": "Simulyatorlar",
      "icon": "media/sections/simulators.webp"
    },
    {
      "id": "games",
      "title": "O‘yinlar",
      "icon": "media/sections/games.webp"
    },
    {
      "id": "tools",
      "title": "Asboblar",
      "icon": "media/sections/tools.webp"
    }
  ],
  "items": [
    {
      "id": "game002",
      "type": "games",
      "title": "Arifmetik Battle",
      "desc": "Arifmetik amallarda o'zingizni sinab ko'ring va tezligingizni oshirish!",
      "tags": [],
      "href": "#",
      "badge": "NEW",
      "status": "available",
      "order": 20,
      "icon": "logo.webp"
    },
    {
      "id": "game001",
      "type": "games",
      "title": "Viyet teoremasi",
      "desc": "Kvadrat tenglamalarni viyet teoremasida yechishni rivojlantiradi!",
      "tags": [
        "🔥Top",
        "Kvadrat tenglama"
      ],
      "href": "games/game001.html",
      "badge": "🔥Top",
      "status": "available",
      "order": 10,
      "icon": "logo.webp"
    },
	{
      "id": "test001",
      "type": "tests",
      "title": "8-sinf challenge 001",
      "desc": "",
      "tags": [
      "Parametrik tenglama"
      ],
      "href": "https://leadermath.uz/test/index.html?code=test001",
      "badge": "🔥Top",
      "status": "available",
      "order": 10,
      "icon": "logo.webp"
    }
  ]
}