type,Bo'lim,img,title,meta,link,cta_text,price_som,badge
promo,,https://images.unsplash.com/photo-1496307042754-b4aa456c4a2d?auto=format&fit=crop&w=1600&q=60,Simulyator Marathon 2025,1000+ mashq to'plami,https://example.com/marathon,Ishtirok etish,99000,NEW
card,Algebra,https://images.unsplash.com/photo-1517245386807-bb43f82c33c4?auto=format&fit=crop&w=1200&q=60,Algebra 20 savol,Asosiy amallar,https://example.com/sim/algebra-20,Boshlash,0,
card,Algebra,https://images.unsplash.com/photo-1551836022-d5d88e9218df?auto=format&fit=crop&w=1200&q=60,Chiziqli tenglamalar 15 savol,,https://example.com/sim/linear-15,Boshlash,0,
card,Geometriya,https://images.unsplash.com/photo-1509228627152-72ae9ae6848d?auto=format&fit=crop&w=1200&q=60,Uchburchaklar,Asosiy xossalar,https://example.com/sim/triangle,Boshlash,0,
card,Fizika,https://images.unsplash.com/photo-1543269865-cbf427effbad?auto=format&fit=crop&w=1200&q=60,Mexanika starter,Formulalar mashqi,https://example.com/sim/mechanics,Boshlash,0,
