[
  {
    "id": "challenge-001",
    "title": "🔥 8-Sinflar o'rtasida",
    "status": "upcoming",
    "startAt": "2026-01-17T19:00:00+05:00",
    "endAt": "2026-01-18T20:05:00+05:00",
    "cta": "Boshlash",
    "href": "https://leadermath.uz/test/index.html?code=A4A4",
    "icon": "icons/challenges/challenge-001.webp"
  },
  {
    "id": "challenge-002",
    "title": "🔥 5-Sinflar o'rtasida",
    "status": "upcoming",
    "startAt": "2026-01-17T17:30:00+05:00",
    "endAt": "2026-01-17T18:35:00+05:00",
    "cta": "Tez kunda",
    "href": "#",
    "icon": "icons/challenges/challenge-002.webp"
  }
]