{
  "regions": [
    {
      "name": "Namangan viloyati",
      "districts": [
        {
          "name": "Namangan shahri",
          "posts": [
            "160100 (1-sonli pochta bo‘limi)",
            "160101 (2-sonli pochta bo‘limi)",
            "160103 (3-sonli pochta bo‘limi)",
            "160104 (4-sonli pochta bo‘limi)",
            "160105 (5-sonli pochta bo‘limi)",
            "160106 (6-sonli pochta bo‘limi)",
            "160107 (7-sonli pochta bo‘limi)",
            "160108 (8-sonli pochta bo‘limi)",
            "160109 (9-sonli pochta bo‘limi)",
            "160111 (11-sonli pochta bo‘limi)",
            "160112 (12-sonli pochta bo‘limi)",
            "160114 (14-sonli pochta bo‘limi)",
            "160115 (15-sonli pochta bo‘limi)",
            "160116 (16-sonli pochta bo‘limi)",
            "160117 (17-sonli pochta bo‘limi)",
            "160119 (19-sonli pochta bo‘limi)",
            "160120 (20-sonli pochta bo‘limi)",
            "160122 (22-sonli pochta bo‘limi)",
            "160123 (23-sonli pochta bo‘limi)",
            "160127 (27-sonli pochta bo‘limi)",
            "160129 (29-sonli pochta bo‘limi)",
            "160130 (30-sonli pochta bo‘limi)",
            "160133 (33-sonli pochta bo‘limi)",
            "160134 (34-sonli pochta bo‘limi)",
            "160136 (36-sonli pochta bo‘limi)",
            "160137 (37-sonli pochta bo‘limi)",
            "160139 (39-sonli pochta bo‘limi)",
            "160141 (41-sonli pochta bo‘limi)"
          ]
        },
        {
          "name": "Mingbuloq tumani",
          "posts": [
            "160200 (Jamasho‘y shaharchasi)",
            "160201 (Gulbog‘)",
            "160202 (Guliston)",
            "160203 (Go‘rtepa)",
            "160204 (Damko‘l)",
            "160205 (Dovduq)",
            "160206 (Ilg‘or)",
            "160207 (Qolgandaryo)",
            "160208 (Qorashahar)",
            "160209 (Mexnatobod)",
            "160210 (Modiyorovul)",
            "160211 (O‘zg‘arish)",
            "160212 (Yangi Gulbog‘)"
          ]
        },
        {
          "name": "Kosonsoy tumani",
          "posts": [
            "160300 (Kosonsoy shahar)",
            "160301 (1-sonli pochta bo‘limi)",
            "160302 (2-sonli pochta bo‘limi)",
            "160303 (Olmazor)",
            "160304 (Guliston)",
            "160305 (Isparan)",
            "160306 (Ko‘kumbo‘y)",
            "160307 (Rovot)",
            "160308 (Tag‘ijir)",
            "160309 (Tergachi)",
            "160310 (Xudoyberdiyev)",
            "160311 (Chindovul)",
            "160312 (Yalama)"
          ]
        },
        {
          "name": "Norin tumani",
          "posts": [
            "160400 (Xaqqulobod shahar)",
            "160401 (Katta O‘lmas)",
            "160402 (Kemaboshi)",
            "160403 (Qorateri)",
            "160404 (Qoshchek)",
            "160405 (Norinkopa)",
            "160406 (Pastki Cho‘ja)",
            "160407 (Paxtachi)",
            "160408 (Polvonko‘l)",
            "160409 (Tegirmonboshi)",
            "160410 (Toda)",
            "160411 (Toshqin)",
            "160412 (Tashloq)",
            "160413 (Uchtepa)",
            "160414 (Xo‘jaobod)",
            "160415 (Sho‘ra)",
            "160416 (Yangi Farg‘ona)"
          ]
        },
        {
          "name": "Pop tumani",
          "posts": [
            "160500 (Pop shahar)",
            "160501 (1-sonli pochta bo‘limi)",
            "160504 (4-sonli pochta bo‘limi)",
            "160505 (Mayda millat)",
            "160506 (Oltinkon)",
            "160507 (Gurumsaroy)",
            "160508 (Iskovut)",
            "160509 (Margizor)",
            "160510 (Parda Tursun)",
            "160511 (Pung‘on)",
            "160512 (Sang)",
            "160513 (Tepaqo‘rg‘on)",
            "160514 (To‘da)",
            "160515 (Uyg‘ur)",
            "160516 (Uyg‘ursoy)",
            "160517 (Xalqobod)",
            "160518 (Xonobod)",
            "160519 (Xo‘jaobod)",
            "160520 (Chig‘anoq)",
            "160521 (Chadak)",
            "160522 (Chorkesar)",
            "160523 (Yakkatutt)",
            "160524 (Yangibod)"
          ]
        },
        {
          "name": "Namangan tumani",
          "posts": [
            "160600 (Toshbuloq shaharchasi)",
            "160601 (Beshkopa)",
            "160602 (Bog‘ishamol)",
            "160603 (G‘alcha)",
            "160604 (Girvon)",
            "160605 (Irvadon)",
            "160606 (Qoratepa)",
            "160607 (Qumqo‘rg‘on)",
            "160608 (Mirishkor)",
            "160609 (Ravuston)",
            "160610 (Tepaqo‘rg‘on)",
            "160611 (Xonobod)",
            "160612 (Xo‘jaqishloq)",
            "160613 (Sho‘rqishloq)",
            "160614 (Sho‘rqo‘rg‘on)",
            "160615 (Yuqori Rovuston)"
          ]
        },
        {
          "name": "To‘raqo‘rg‘on tumani",
          "posts": [
            "160700 (To‘raqo‘rg‘on shahar)",
            "160701 (1-sonli pochta bo‘limi)",
            "160702 (2-sonli pochta bo‘limi)",
            "160703 (Arg‘in)",
            "160704 (Bekobod)",
            "160705 (Buramatut)",
            "160706 (Gulqishloq)",
            "160707 (Dukat)",
            "160708 (Ertepa)",
            "160709 (Ettikon)",
            "160710 (Kattagan)",
            "160711 (Kattaqo‘rg‘oncha)",
            "160712 (Langarbobo)",
            "160713 (Oqtosh)",
            "160714 (Oqtosh-1)",
            "160715 (Saroy)",
            "160716 (Sohilobod)",
            "160717 (Fayziobod)",
            "160718 (Xo‘jand)",
            "160719 (Shahand)",
            "160720 (Yandama)"
          ]
        },
        {
          "name": "Uychi tumani",
          "posts": [
            "160800 (Uychi shaharchasi)",
            "160801 (1-sonli pochta bo‘limi)",
            "160802 (2-sonli pochta bo‘limi)",
            "160803 (Ahsi)",
            "160804 (Birlashgan)",
            "160805 (G‘ayrat)",
            "160806 (Erkatoy)",
            "160807 (Yorqo‘rg‘on)",
            "160808 (Jiydakapa)",
            "160809 (Qizil Rovot)",
            "160810 (Mashad)",
            "160811 (Saku)",
            "160812 (Tepasaroy)",
            "160813 (O‘nhaet)",
            "160814 (Fayzibod)",
            "160815 (Xizirobod)",
            "160816 (Yakkatutt)"
          ]
        },
        {
          "name": "Uchqo‘rg‘on tumani",
          "posts": [
            "160900 (Uchqo‘rg‘on shahar)",
            "160901 (1-sonli pochta bo‘limi)",
            "160903 (3-sonli pochta bo‘limi)",
            "160904 (4-sonli pochta bo‘limi)",
            "160905 (Qayqi)",
            "160906 (Katta mo‘g‘ol)",
            "160907 (Qozog‘ ovul)",
            "160908 (Qo‘g‘ay)",
            "160909 (Qo‘rg‘ancha)",
            "160910 (Uchko‘prik)",
            "160911 (Hamza)",
            "160912 (Shahrixanchek)",
            "160913 (Yangier)",
            "160914 (Yangibod)",
            "160915 (Yashik)"
          ]
        },
        {
          "name": "Chortoq tumani",
          "posts": [
            "161000 (Chortoq shahar)",
            "161001 (1-sonli pochta bo‘limi)",
            "161002 (2-sonli pochta bo‘limi)",
            "161003 (3-sonli pochta bo‘limi)",
            "161004 (Chortoq kurort)",
            "161005 (Alixon)",
            "161006 (Baliqko‘l)",
            "161007 (Qoraskan-1)",
            "161008 (Qoraskan-2)",
            "161009 (Qorabog‘)",
            "161010 (Kushan)",
            "161011 (Laskidan)",
            "161012 (Oyikran)",
            "161013 (Peshqo‘rg‘on)",
            "161014 (Saroy)",
            "161015 (Hazratshoh)"
          ]
        },
        {
          "name": "Chust tumani",
          "posts": [
            "161100 (Chust shahar)",
            "161102 (2-sonli pochta bo‘limi)",
            "161103 (3-sonli pochta bo‘limi)",
            "161105 (5-sonli pochta bo‘limi)",
            "161107 (7-sonli pochta bo‘limi)",
            "161108 (Chust ST)",
            "161109 (Ahcha)",
            "161110 (Baymak)",
            "161111 (Varzik)",
            "161112 (G‘ova)",
            "161113 (Karkidon)",
            "161114 (Karnon)",
            "161115 (Og‘asaroy)",
            "161116 (Olmos)",
            "161117 (Sarimsoqtepa)",
            "161118 (Tepaqo‘rg‘on)",
            "161119 (Tosho‘rg‘on)",
            "161120 (Shoyon)"
          ]
        },
        {
          "name": "Yangiqo‘rg‘on tumani",
          "posts": [
            "161200 (Yangiqo‘rg‘on shaharchasi)",
            "161201 (Begavot)",
            "161202 (Gavozan)",
            "161203 (Zamir)",
            "161204 (Zarkent)",
            "161205 (Iskovot)",
            "161206 (Kalisho)",
            "161207 (Qorapalvon)",
            "161208 (Ko‘kyor)",
            "161209 (Mamay)",
            "161210 (Nanay)",
            "161211 (Navkent)",
            "161212 (Paraman)",
            "161213 (Raut)",
            "161214 (Uzoq)",
            "161215 (Xodkent)",
            "161216 (Xo‘jashorkent)",
            "161217 (Sho‘rkent)"
          ]
        }
      ]
    }
  ]
}