[
  {
    "id": "challenge-001",
    "title": "🔥 8-Sinf",
    "status": "upcoming",
    "startAt": "2026-01-24T19:00:00+05:00",
    "endAt": "2026-01-24T20:05:00+05:00",
    "cta": "Boshlash",
    "href": "https://leadermath.uz/test/index.html?code=A4A4",
    "icon": "icons/challenges/1.png"
  },
  {
    "id": "challenge-002",
    "title": "🔥 5-Sinf",
    "status": "upcoming",
    "startAt": "2026-01-24T17:30:00+05:00",
    "endAt": "2026-01-24T18:35:00+05:00",
    "cta": "Tez kunda",
    "href": "#",
    "icon": "icons/challenges/2.png"
  }
]