{
  "version": 1,
  "bigChips": [
    {
      "id": "tests",
      "title": "Testlar",
      "icon": "🧠"
    },
    {
      "id": "simulators",
      "title": "Simulyatorlar",
      "icon": "🧩"
    },
    {
      "id": "games",
      "title": "O‘yinlar",
      "icon": "🎮"
    },
    {
      "id": "tools",
      "title": "Asboblar",
      "icon": "🛠️"
    }
  ],
  "items": [
    {
      "id": "game001",
      "type": "games",
      "title": "Viyet teoremasi",
      "desc": "Kvadrat tenglamalarni viyet teoremasida yechishni rivojlantiradi!",
      "tags": [
        "🔥Top",
        "Kvadrat tenglama"
      ],
      "href": "games/game001.html",
      "badge": "🔥Top",
      "status": "available",
      "order": 10
    }
  ]
}