type,span,img,title,meta,badge,price_som,time_min,cta_text,cta_href,src_csv,bg_hex,text_color
promo,3,https://images.unsplash.com/photo-1529070538774-1843cb3265df?auto=format&fit=crop&w=1600&q=60,DTM 2025 super to'plam,500+ variantlar,NEW,99000,0,Boshlash,#/tests?src=csv/tests/dtm_demo.csv,,,
poster,2,https://images.unsplash.com/photo-1547949003-9792a18a2601?auto=format&fit=crop&w=1200&q=60,Live Marathon: Algebra 30 savol,Bugun soat 20:00 da boshlanadi,LIVE,20000,30,Qatnashish,#/live,,,
card,1,https://images.unsplash.com/photo-1517245386807-bb43f82c33c4?auto=format&fit=crop&w=1200&q=60,Matematika 10 savol,Asosiy arifmetika,,5000,10,Ko‘rish,,csv/tests/dtm_demo.csv,,
card,1,https://images.unsplash.com/photo-1543269865-cbf427effbad?auto=format&fit=crop&w=1200&q=60,Fizika tezkor,Formulalar testi,,7000,8,Boshlash,,csv/tests/phy_quick.csv,,
card,1,https://images.unsplash.com/photo-1542841351-04a39c34b5fa?auto=format&fit=crop&w=1200&q=60,Ingliz tili A1,Vocabulary,,0,10,Ko‘rish,,csv/tests/eng_a1.csv,,
