{
  "functions": {
    "source": "functions"
  },
  "firestore": {
    "rules": "firestore.rules",
    "indexes": "firestore.indexes.json"
  },
  "hosting": {
    "public": "public",
    "ignore": [
      "firebase.json",
      "**/.*",
      "**/node_modules/**"
    ],
    "headers": [
      {
        "source": "**/*.@(js)",
        "headers": [
          {
            "key": "Cache-Control",
            "value": "no-store"
          }
        ]
      },
      {
        "source": "**/*.@(json)",
        "headers": [
          {
            "key": "Cache-Control",
            "value": "no-store"
          }
        ]
      }
    ]
  }
}