{
  "Andijon": [
    "Andijon sh.",
    "Asaka",
    "Shahrixon",
    "Xonobod"
  ],
  "Buxoro": [
    "Buxoro sh.",
    "G'ijduvon",
    "Kogon",
    "Romitan"
  ],
  "Farg‘ona": [
    "Farg‘ona sh.",
    "Qo‘qon",
    "Marg‘ilon",
    "Quva"
  ],
  "Jizzax": [
    "Jizzax sh.",
    "Zomin",
    "G'allaorol",
    "Baxmal"
  ],
  "Xorazm": [
    "Urganch",
    "Xiva",
    "Hazorasp",
    "Shovot"
  ],
  "Namangan": [
    "Namangan sh.",
    "Chust",
    "Pop",
    "Uychi",
    "To'raqo'rg'on"
  ],
  "Navoiy": [
    "Navoiy sh.",
    "Karmana",
    "Zarafshon",
    "Nurota"
  ],
  "Qashqadaryo": [
    "Qarshi",
    "Shahrisabz",
    "Kitob",
    "G'uzor"
  ],
  "Qoraqalpog‘iston": [
    "Nukus",
    "Xo‘jayli",
    "Taxiatosh",
    "Beruniy"
  ],
  "Samarqand": [
    "Samarqand sh.",
    "Kattaqo‘rg‘on",
    "Urgut",
    "Ishtixon"
  ],
  "Sirdaryo": [
    "Guliston",
    "Yangiyer",
    "Sirdaryo",
    "Boyovut"
  ],
  "Surxondaryo": [
    "Termiz",
    "Denov",
    "Sherobod",
    "Boysun"
  ],
  "Toshkent vil.": [
    "Nurafshon",
    "Chirchiq",
    "Angren",
    "Bekobod",
    "Olmaliq"
  ],
  "Toshkent sh.": [
    "Yunusobod",
    "Chilonzor",
    "Mirzo Ulug‘bek",
    "Olmazor",
    "Yakkasaroy"
  ]
}