{
  "regions": [
    {
      "name": "Toshkent shahri",
      "districts": [
        {"name": "Olmazor", "schools": ["1-maktab", "5-maktab", "12-maktab", "25-maktab", "45-maktab", "61-maktab", "Prezident maktabi"]},
        {"name": "Bektemir", "schools": ["1-maktab", "2-maktab", "3-maktab", "4-maktab", "5-maktab"]},
        {"name": "Mirobod", "schools": ["3-maktab", "11-maktab", "17-maktab", "23-maktab", "35-maktab", "Litsey"]},
        {"name": "Mirzo Ulug'bek", "schools": ["43-maktab", "64-maktab", "87-maktab", "94-maktab", "105-maktab", "116-maktab"]},
        {"name": "Sergeli", "schools": ["100-maktab", "101-maktab", "102-maktab", "103-maktab", "104-maktab", "105-maktab"]},
        {"name": "Uchtepa", "schools": ["4-maktab", "67-maktab", "92-maktab", "110-maktab", "125-maktab", "136-maktab"]},
        {"name": "Shayxontohur", "schools": ["5-maktab", "7-maktab", "12-maktab", "19-maktab", "27-maktab", "34-maktab"]},
        {"name": "Yashnobod", "schools": ["1-maktab", "2-maktab", "24-maktab", "38-maktab", "49-maktab", "57-maktab"]},
        {"name": "Chilonzor", "schools": ["120-maktab", "123-maktab", "135-maktab", "142-maktab", "155-maktab", "IT-maktab", "Prezident maktabi"]},
        {"name": "Yunusobod", "schools": ["18-maktab", "19-maktab", "23-maktab", "29-maktab", "37-maktab", "44-maktab"]},
        {"name": "Yakkasaroy", "schools": ["6-maktab", "8-maktab", "15-maktab", "21-maktab", "28-maktab", "33-maktab"]},
        {"name": "Yangihayot", "schools": ["1-maktab", "3-maktab", "10-maktab", "16-maktab", "22-maktab", "30-maktab"]}
      ]
    },
    {
      "name": "Toshkent viloyati",
      "districts": [
        {"name": "Bekobod shahri", "schools": ["1-maktab", "2-maktab", "3-maktab", "4-maktab", "5-maktab", "6-maktab"]},
        {"name": "Chirchiq shahri", "schools": ["1-maktab", "2-maktab", "3-maktab", "4-maktab", "5-maktab", "6-maktab", "7-maktab"]},
        {"name": "Angren shahri", "schools": ["1-maktab", "2-maktab", "3-maktab", "4-maktab", "5-maktab", "6-maktab"]},
        {"name": "Olmaliq shahri", "schools": ["1-maktab", "2-maktab", "3-maktab", "4-maktab", "5-maktab", "6-maktab", "7-maktab"]},
        {"name": "Ohangaron shahri", "schools": ["1-maktab", "2-maktab", "3-maktab", "4-maktab", "5-maktab"]},
        {"name": "Bekobod tumani", "schools": ["1-maktab", "2-maktab", "3-maktab", "4-maktab"]},
        {"name": "Bo'stonliq tumani", "schools": ["1-maktab", "2-maktab", "3-maktab", "4-maktab", "5-maktab"]},
        {"name": "Bo'ka tumani", "schools": ["1-maktab", "2-maktab", "3-maktab", "4-maktab"]},
        {"name": "Chinoz tumani", "schools": ["1-maktab", "2-maktab", "3-maktab"]},
        {"name": "Qibray tumani", "schools": ["1-maktab", "2-maktab", "3-maktab", "4-maktab", "5-maktab"]},
        {"name": "Ohangaron tumani", "schools": ["1-maktab", "2-maktab", "3-maktab"]},
        {"name": "Oqqo'rg'on tumani", "schools": ["1-maktab", "2-maktab", "3-maktab", "4-maktab"]},
        {"name": "Parkent tumani", "schools": ["1-maktab", "2-maktab", "3-maktab", "4-maktab"]},
        {"name": "Piskent tumani", "schools": ["1-maktab", "2-maktab", "3-maktab", "4-maktab"]},
        {"name": "Quyi Chirchiq tumani", "schools": ["1-maktab", "2-maktab", "3-maktab", "4-maktab"]},
        {"name": "O'rta Chirchiq tumani", "schools": ["1-maktab", "2-maktab", "3-maktab"]},
        {"name": "Yangiyo'l tumani", "schools": ["1-maktab", "2-maktab", "3-maktab", "4-maktab", "5-maktab"]},
        {"name": "Yuqori Chirchiq tumani", "schools": ["1-maktab", "2-maktab", "3-maktab"]},
        {"name": "Zangiota tumani", "schools": ["1-maktab", "2-maktab", "3-maktab", "4-maktab"]}
      ]
    },
    {
      "name": "Andijon viloyati",
      "districts": [
        {"name": "Andijon shahri", "schools": ["1-maktab", "2-maktab", "3-maktab", "4-maktab", "5-maktab", "IT-maktab", "Prezident maktabi"]},
        {"name": "Xonobod shahri", "schools": ["1-maktab", "2-maktab", "3-maktab", "4-maktab"]},
        {"name": "Andijon tumani", "schools": ["1-maktab", "2-maktab", "3-maktab", "4-maktab", "5-maktab"]},
        {"name": "Asaka tumani", "schools": ["1-maktab", "2-maktab", "3-maktab", "4-maktab", "5-maktab"]},
        {"name": "Baliqchi tumani", "schools": ["1-maktab", "2-maktab", "3-maktab", "4-maktab"]},
        {"name": "Bo'ston tumani", "schools": ["1-maktab", "2-maktab", "3-maktab"]},
        {"name": "Buloqboshi tumani", "schools": ["1-maktab", "2-maktab", "3-maktab", "4-maktab"]},
        {"name": "Izboskan tumani", "schools": ["1-maktab", "2-maktab", "3-maktab", "4-maktab", "5-maktab"]},
        {"name": "Jalaquduq tumani", "schools": ["1-maktab", "2-maktab", "3-maktab", "4-maktab"]},
        {"name": "Xo'jaobod tumani", "schools": ["1-maktab", "2-maktab", "3-maktab", "4-maktab"]},
        {"name": "Qo'rg'ontepa tumani", "schools": ["1-maktab", "2-maktab", "3-maktab", "4-maktab"]},
        {"name": "Marhamat tumani", "schools": ["1-maktab", "2-maktab", "3-maktab"]},
        {"name": "Oltinko'l tumani", "schools": ["1-maktab", "2-maktab", "3-maktab", "4-maktab"]},
        {"name": "Paxtaobod tumani", "schools": ["1-maktab", "2-maktab", "3-maktab"]},
        {"name": "Shahrixon tumani", "schools": ["1-maktab", "2-maktab", "3-maktab", "4-maktab", "5-maktab"]},
        {"name": "Ulug'nor tumani", "schools": ["1-maktab", "2-maktab", "3-maktab"]}
      ]
    },
    {
      "name": "Farg'ona viloyati",
      "districts": [
        {"name": "Farg'ona shahri", "schools": ["1-maktab", "2-maktab", "3-maktab", "4-maktab", "5-maktab", "Prezident maktabi"]},
        {"name": "Marg'ilon shahri", "schools": ["1-maktab", "2-maktab", "3-maktab", "4-maktab", "5-maktab", "6-maktab"]},
        {"name": "Qo'qon shahri", "schools": ["1-maktab", "2-maktab", "3-maktab", "4-maktab", "5-maktab", "12-maktab", "33-maktab"]},
        {"name": "Quvasoy shahri", "schools": ["1-maktab", "2-maktab", "3-maktab", "4-maktab"]},
        {"name": "Beshariq tumani", "schools": ["1-maktab", "2-maktab", "3-maktab", "4-maktab"]},
        {"name": "Bog'dod tumani", "schools": ["1-maktab", "2-maktab", "3-maktab"]},
        {"name": "Buvayda tumani", "schools": ["1-maktab", "2-maktab", "3-maktab", "4-maktab"]},
        {"name": "Dang'ara tumani", "schools": ["1-maktab", "2-maktab", "3-maktab"]},
        {"name": "Furqat tumani", "schools": ["1-maktab", "2-maktab", "3-maktab", "4-maktab"]},
        {"name": "Oltiariq tumani", "schools": ["1-maktab", "2-maktab", "3-maktab", "4-maktab"]},
        {"name": "O'zbekiston tumani", "schools": ["1-maktab", "2-maktab", "3-maktab"]},
        {"name": "Qo'shtepa tumani", "schools": ["1-maktab", "2-maktab", "3-maktab"]},
        {"name": "Quva tumani", "schools": ["1-maktab", "2-maktab", "3-maktab", "4-maktab"]},
        {"name": "Rishton tumani", "schools": ["1-maktab", "2-maktab", "3-maktab", "4-maktab"]},
        {"name": "So'x tumani", "schools": ["1-maktab", "2-maktab", "3-maktab"]},
        {"name": "Toshloq tumani", "schools": ["1-maktab", "2-maktab", "3-maktab"]},
        {"name": "Uchko'prik tumani", "schools": ["1-maktab", "2-maktab", "3-maktab"]},
        {"name": "Yozyovon tumani", "schools": ["1-maktab", "2-maktab", "3-maktab", "4-maktab"]}
      ]
    },
    {
      "name": "Namangan viloyati",
      "districts": [
        {"name": "Namangan shahri", "schools": ["Namangan Shahar 1-son IMI", "1-maktab", "2-maktab", "3-maktab", "4-maktab", "5-maktab", "Prezident maktabi", "IT-maktab"]},
        {"name": "Chust tumani", "schools": ["1-maktab", "2-maktab", "3-maktab", "4-maktab", "10-maktab", "33-maktab"]},
        {"name": "Kosonsoy tumani", "schools": ["1-maktab", "2-maktab", "3-maktab", "4-maktab", "9-maktab", "24-maktab"]},
        {"name": "Mingbuloq tumani", "schools": ["1-maktab", "2-maktab", "3-maktab", "4-maktab", "5-maktab", "12-maktab"]},
        {"name": "Namangan tumani", "schools": ["1-maktab", "2-maktab", "3-maktab", "4-maktab"]},
        {"name": "Norin tumani", "schools": ["1-maktab", "2-maktab", "3-maktab", "4-maktab", "8-maktab"]},
        {"name": "Pop tumani", "schools": ["1-maktab", "2-maktab", "3-maktab", "4-maktab", "6-maktab", "14-maktab", "27-maktab"]},
        {"name": "To'raqo'rg'on tumani", "schools": ["1-maktab", "2-maktab", "3-maktab", "4-maktab", "11-maktab", "18-maktab"]},
        {"name": "Uchqo'rg'on tumani", "schools": ["1-maktab", "2-maktab", "3-maktab", "4-maktab", "7-maktab", "16-maktab"]},
        {"name": "Uychi tumani", "schools": ["1-maktab", "2-maktab", "3-maktab", "4-maktab", "20-maktab"]},
        {"name": "Yangiqo'rg'on tumani", "schools": ["1-maktab", "2-maktab", "3-maktab", "4-maktab", "13-maktab", "21-maktab"]},
        {"name": "Chortoq tumani", "schools": ["1-maktab", "2-maktab", "3-maktab", "4-maktab", "5-maktab", "7-maktab", "15-maktab"]}
      ]
    },
    {
      "name": "Samarqand viloyati",
      "districts": [
        {"name": "Samarqand shahri", "schools": ["1-maktab", "2-maktab", "3-maktab", "4-maktab", "5-maktab", "Prezident maktabi"]},
        {"name": "Kattaqo'rg'on shahri", "schools": ["1-maktab", "2-maktab", "3-maktab", "4-maktab"]},
        {"name": "Bulung'ur tumani", "schools": ["1-maktab", "2-maktab", "3-maktab", "4-maktab"]},
        {"name": "Ishtixon tumani", "schools": ["1-maktab", "2-maktab", "3-maktab"]},
        {"name": "Jomboy tumani", "schools": ["1-maktab", "2-maktab", "3-maktab"]},
        {"name": "Kattaqo'rg'on tumani", "schools": ["1-maktab", "2-maktab", "3-maktab"]},
        {"name": "Narpay tumani", "schools": ["1-maktab", "2-maktab", "3-maktab"]},
        {"name": "Nurobod tumani", "schools": ["1-maktab", "2-maktab", "3-maktab"]},
        {"name": "Oqdaryo tumani", "schools": ["1-maktab", "2-maktab", "3-maktab"]},
        {"name": "Paxtachi tumani", "schools": ["1-maktab", "2-maktab", "3-maktab"]},
        {"name": "Payariq tumani", "schools": ["1-maktab", "2-maktab", "3-maktab"]},
        {"name": "Pastdarg'om tumani", "schools": ["1-maktab", "2-maktab", "3-maktab", "4-maktab"]},
        {"name": "Qo'shrabot tumani", "schools": ["1-maktab", "2-maktab", "3-maktab"]},
        {"name": "Samarqand tumani", "schools": ["1-maktab", "2-maktab", "3-maktab"]},
        {"name": "Toyloq tumani", "schools": ["1-maktab", "2-maktab", "3-maktab"]},
        {"name": "Urgut tumani", "schools": ["1-maktab", "2-maktab", "3-maktab", "4-maktab", "5-maktab"]}
      ]
    },
    {
      "name": "Buxoro viloyati",
      "districts": [
        {"name": "Buxoro shahri", "schools": ["1-maktab", "2-maktab", "3-maktab", "4-maktab", "5-maktab", "Prezident maktabi"]},
        {"name": "Kogon shahri", "schools": ["1-maktab", "2-maktab", "3-maktab", "4-maktab"]},
        {"name": "Buxoro tumani", "schools": ["1-maktab", "2-maktab", "3-maktab"]},
        {"name": "Vobkent tumani", "schools": ["1-maktab", "2-maktab", "3-maktab"]},
        {"name": "G'ijduvon tumani", "schools": ["1-maktab", "2-maktab", "3-maktab", "4-maktab"]},
        {"name": "Jondor tumani", "schools": ["1-maktab", "2-maktab", "3-maktab"]},
        {"name": "Kogon tumani", "schools": ["1-maktab", "2-maktab", "3-maktab"]},
        {"name": "Olot tumani", "schools": ["1-maktab", "2-maktab", "3-maktab"]},
        {"name": "Peshku tumani", "schools": ["1-maktab", "2-maktab", "3-maktab"]},
        {"name": "Romitan tumani", "schools": ["1-maktab", "2-maktab", "3-maktab"]},
        {"name": "Shofirkon tumani", "schools": ["1-maktab", "2-maktab", "3-maktab"]},
        {"name": "Qorovulbozor tumani", "schools": ["1-maktab", "2-maktab", "3-maktab"]}
      ]
    },
    {
      "name": "Xorazm viloyati",
      "districts": [
        {"name": "Urganch shahri", "schools": ["1-maktab", "2-maktab", "3-maktab", "4-maktab", "5-maktab"]},
        {"name": "Xiva shahri", "schools": ["1-maktab", "2-maktab", "3-maktab", "4-maktab"]},
        {"name": "Bog'ot tumani", "schools": ["1-maktab", "2-maktab", "3-maktab"]},
        {"name": "Gurlan tumani", "schools": ["1-maktab", "2-maktab", "3-maktab"]},
        {"name": "Qo'shko'pir tumani", "schools": ["1-maktab", "2-maktab", "3-maktab"]},
        {"name": "Urganch tumani", "schools": ["1-maktab", "2-maktab", "3-maktab"]},
        {"name": "Xiva tumani", "schools": ["1-maktab", "2-maktab", "3-maktab"]},
        {"name": "Xonqa tumani", "schools": ["1-maktab", "2-maktab", "3-maktab"]},
        {"name": "Yangiariq tumani", "schools": ["1-maktab", "2-maktab", "3-maktab"]},
        {"name": "Yangibozor tumani", "schools": ["1-maktab", "2-maktab", "3-maktab"]},
        {"name": "Shovot tumani", "schools": ["1-maktab", "2-maktab", "3-maktab", "4-maktab"]},
        {"name": "Hazorasp tumani", "schools": ["1-maktab", "2-maktab", "3-maktab"]}
      ]
    },
    {
      "name": "Surxondaryo viloyati",
      "districts": [
        {"name": "Termiz shahri", "schools": ["1-maktab", "2-maktab", "3-maktab", "4-maktab", "5-maktab", "Prezident maktabi"]},
        {"name": "Denov shahri", "schools": ["1-maktab", "2-maktab", "3-maktab", "4-maktab"]},
        {"name": "Angor tumani", "schools": ["1-maktab", "2-maktab", "3-maktab"]},
        {"name": "Bandixon tumani", "schools": ["1-maktab", "2-maktab", "3-maktab"]},
        {"name": "Boysun tumani", "schools": ["1-maktab", "2-maktab", "3-maktab"]},
        {"name": "Denov tumani", "schools": ["1-maktab", "2-maktab", "3-maktab", "4-maktab"]},
        {"name": "Jarqo'rg'on tumani", "schools": ["1-maktab", "2-maktab", "3-maktab"]},
        {"name": "Qiziriq tumani", "schools": ["1-maktab", "2-maktab", "3-maktab"]},
        {"name": "Qumqo'rg'on tumani", "schools": ["1-maktab", "2-maktab", "3-maktab"]},
        {"name": "Muzrabot tumani", "schools": ["1-maktab", "2-maktab", "3-maktab"]},
        {"name": "Oltinsoy tumani", "schools": ["1-maktab", "2-maktab", "3-maktab"]},
        {"name": "Sariosiyo tumani", "schools": ["1-maktab", "2-maktab", "3-maktab"]},
        {"name": "Termiz tumani", "schools": ["1-maktab", "2-maktab", "3-maktab"]},
        {"name": "Uzun tumani", "schools": ["1-maktab", "2-maktab", "3-maktab"]},
        {"name": "Sherobod tumani", "schools": ["1-maktab", "2-maktab", "3-maktab"]},
        {"name": "Sho'rchi tumani", "schools": ["1-maktab", "2-maktab", "3-maktab"]}
      ]
    },
    {
      "name": "Qashqadaryo viloyati",
      "districts": [
        {"name": "Qarshi shahri", "schools": ["1-maktab", "2-maktab", "3-maktab", "4-maktab", "5-maktab", "Prezident maktabi"]},
        {"name": "Shahrisabz shahri", "schools": ["1-maktab", "2-maktab", "3-maktab", "4-maktab", "7-maktab"]},
        {"name": "Chiroqchi tumani", "schools": ["1-maktab", "2-maktab", "3-maktab"]},
        {"name": "Dehqonobod tumani", "schools": ["1-maktab", "2-maktab", "3-maktab"]},
        {"name": "G'uzor tumani", "schools": ["1-maktab", "2-maktab", "3-maktab"]},
        {"name": "Qamashi tumani", "schools": ["1-maktab", "2-maktab", "3-maktab"]},
        {"name": "Qarshi tumani", "schools": ["1-maktab", "2-maktab", "3-maktab"]},
        {"name": "Koson tumani", "schools": ["1-maktab", "2-maktab", "3-maktab"]},
        {"name": "Kasbi tumani", "schools": ["1-maktab", "2-maktab", "3-maktab"]},
        {"name": "Kitob tumani", "schools": ["1-maktab", "2-maktab", "3-maktab"]},
        {"name": "Mirishkor tumani", "schools": ["1-maktab", "2-maktab", "3-maktab"]},
        {"name": "Muborak tumani", "schools": ["1-maktab", "2-maktab", "3-maktab"]},
        {"name": "Nishon tumani", "schools": ["1-maktab", "2-maktab", "3-maktab"]},
        {"name": "Shahrisabz tumani", "schools": ["1-maktab", "2-maktab", "3-maktab"]},
        {"name": "Yakkabog' tumani", "schools": ["1-maktab", "2-maktab", "3-maktab"]}
      ]
    },
    {
      "name": "Jizzax viloyati",
      "districts": [
        {"name": "Jizzax shahri", "schools": ["1-maktab", "2-maktab", "3-maktab", "4-maktab", "5-maktab"]},
        {"name": "Arnasoy tumani", "schools": ["1-maktab", "2-maktab", "3-maktab"]},
        {"name": "Baxmal tumani", "schools": ["1-maktab", "2-maktab", "3-maktab"]},
        {"name": "Do'stlik tumani", "schools": ["1-maktab", "2-maktab", "3-maktab"]},
        {"name": "Forish tumani", "schools": ["1-maktab", "2-maktab", "3-maktab"]},
        {"name": "G'allaorol tumani", "schools": ["1-maktab", "2-maktab", "3-maktab", "4-maktab"]},
        {"name": "Jizzax tumani", "schools": ["1-maktab", "2-maktab", "3-maktab"]},
        {"name": "Mirzacho'l tumani", "schools": ["1-maktab", "2-maktab", "3-maktab"]},
        {"name": "Paxtakor tumani", "schools": ["1-maktab", "2-maktab", "3-maktab"]},
        {"name": "Yangiobod tumani", "schools": ["1-maktab", "2-maktab", "3-maktab"]},
        {"name": "Zafarobod tumani", "schools": ["1-maktab", "2-maktab", "3-maktab"]},
        {"name": "Zarbdor tumani", "schools": ["1-maktab", "2-maktab", "3-maktab"]},
        {"name": "Zomin tumani", "schools": ["1-maktab", "2-maktab", "3-maktab", "4-maktab"]}
      ]
    },
    {
      "name": "Sirdaryo viloyati",
      "districts": [
        {"name": "Guliston shahri", "schools": ["1-maktab", "2-maktab", "3-maktab", "4-maktab", "5-maktab"]},
        {"name": "Yangiyer shahri", "schools": ["1-maktab", "2-maktab", "3-maktab"]},
        {"name": "Shirin shahri", "schools": ["1-maktab", "2-maktab", "3-maktab"]},
        {"name": "Boyovut tumani", "schools": ["1-maktab", "2-maktab", "3-maktab"]},
        {"name": "Guliston tumani", "schools": ["1-maktab", "2-maktab", "3-maktab"]},
        {"name": "Mirzaobod tumani", "schools": ["1-maktab", "2-maktab", "3-maktab"]},
        {"name": "Oqoltin tumani", "schools": ["1-maktab", "2-maktab", "3-maktab"]},
        {"name": "Sayxunobod tumani", "schools": ["1-maktab", "2-maktab", "3-maktab"]},
        {"name": "Sardoba tumani", "schools": ["1-maktab", "2-maktab", "3-maktab"]},
        {"name": "Xovos tumani", "schools": ["1-maktab", "2-maktab", "3-maktab"]},
        {"name": "Sirdaryo tumani", "schools": ["1-maktab", "2-maktab", "3-maktab"]}
      ]
    },
    {
      "name": "Navoiy viloyati",
      "districts": [
        {"name": "Navoiy shahri", "schools": ["1-maktab", "2-maktab", "3-maktab", "4-maktab", "5-maktab"]},
        {"name": "Zarafshon shahri", "schools": ["1-maktab", "2-maktab", "3-maktab", "4-maktab"]},
        {"name": "Karmana tumani", "schools": ["1-maktab", "2-maktab", "3-maktab", "4-maktab"]},
        {"name": "Konimex tumani", "schools": ["1-maktab", "2-maktab", "3-maktab"]},
        {"name": "Navbahor tumani", "schools": ["1-maktab", "2-maktab", "3-maktab"]},
        {"name": "Nurota tumani", "schools": ["1-maktab", "2-maktab", "3-maktab"]},
        {"name": "Qiziltepa tumani", "schools": ["1-maktab", "2-maktab", "3-maktab"]},
        {"name": "Tomdi tumani", "schools": ["1-maktab", "2-maktab", "3-maktab"]},
        {"name": "Uchquduq tumani", "schools": ["1-maktab", "2-maktab", "3-maktab"]},
        {"name": "Xatirchi tumani", "schools": ["1-maktab", "2-maktab", "3-maktab"]}
      ]
    },
    {
      "name": "Qoraqalpog'iston Respublikasi",
      "districts": [
        {"name": "Nukus shahri", "schools": ["1-maktab", "2-maktab", "3-maktab", "4-maktab", "5-maktab", "Prezident maktabi"]},
        {"name": "Amudaryo tumani", "schools": ["1-maktab", "2-maktab", "3-maktab"]},
        {"name": "Beruniy tumani", "schools": ["1-maktab", "2-maktab", "3-maktab"]},
        {"name": "Chimboy tumani", "schools": ["1-maktab", "2-maktab", "3-maktab"]},
        {"name": "Ellikqala tumani", "schools": ["1-maktab", "2-maktab", "3-maktab"]},
        {"name": "Kegeyli tumani", "schools": ["1-maktab", "2-maktab", "3-maktab"]},
        {"name": "Mo'ynoq tumani", "schools": ["1-maktab", "2-maktab", "3-maktab"]},
        {"name": "Nukus tumani", "schools": ["1-maktab", "2-maktab", "3-maktab"]},
        {"name": "Qonliko'l tumani", "schools": ["1-maktab", "2-maktab", "3-maktab"]},
        {"name": "Qo'ng'irot tumani", "schools": ["1-maktab", "2-maktab", "3-maktab"]},
        {"name": "Qorao'zak tumani", "schools": ["1-maktab", "2-maktab", "3-maktab"]},
        {"name": "Shumanay tumani", "schools": ["1-maktab", "2-maktab", "3-maktab"]},
        {"name": "Taxtako'pir tumani", "schools": ["1-maktab", "2-maktab", "3-maktab"]},
        {"name": "To'rtko'l tumani", "schools": ["1-maktab", "2-maktab", "3-maktab", "4-maktab"]},
        {"name": "Xo'jayli tumani", "schools": ["1-maktab", "2-maktab", "3-maktab", "4-maktab"]}
      ]
    }
  ]
}