{
  "Qoraqalpog‘iston": ["Amudaryo","Beruniy","Chimboy","Ellikqal’a","Kegeyli","Mo‘ynoq","Nukus t.","Nukus","Qanliko‘l","Qorao‘zak","Taxtako‘pir","To‘rtko‘l","Xo‘jayli","Shumanay"],
  "Andijon": ["Andijon t.","Andijon","Asaka","Baliqchi","Bo‘z","Buloqboshi","Izboskan","Jalaquduq","Qo‘rg‘ontepa","Marhamat","Oltinko‘l","Paxtaobod","Shahrixon","Xo‘jaobod","Ulug‘nor"],
  "Buxoro": ["Buxoro t.","Buxoro","G‘ijduvon","Jondor","Kogon t.","Kogon","Olot","Peshku","Qorako‘l","Qorovulbozor","Romitan","Shofirkon","Vobkent"],
  "Farg‘ona": ["Farg‘ona t.","Farg‘ona","Bag‘dod","Beshariq","Buvayda","Dang‘ara","Furqat","Qo‘qon t.","Qo‘qon","Qoshtepa","Oltiariq","Quva","Rishton","So‘x","Toshloq","Uchko‘prik","Yozyovon","Marg‘ilon t.","Marg‘ilon"],
  "Jizzax": ["Jizzax t.","Arnasoy","Baxmal","Do‘stlik","Forish","G‘allaorol","Jizzax","Mirzacho‘l","Paxtakor","Yangiobod","Zafarobod","Zarbdor","Zomin"],
  "Namangan": ["Namangan t.","Namangan","Chortoq","Chust","Kosonsoy","Mingbuloq","Norin","Pop","To‘raqo‘rg‘on","Uchqo‘rg‘on","Uychi","Yangiqo‘rg‘on"],
  "Navoiy": ["Navoiy t.","Navoiy","Karmana","Konimex","Qiziltepa","Navbahor","Nurota","Uchquduq","Xatirchi","Zarafshon t."],
  "Qashqadaryo": ["Qarshi t.","Qarshi","Chiroqchi","Dehqonobod","G‘uzor","Kasbi","Kitob","Koson","Mirishkor","Muborak","Nishon","Shahrisabz t.","Shahrisabz","Yakkabog‘"],
  "Samarqand": ["Samarqand t.","Samarqand","Bulung‘ur","Ishtixon","Jomboy","Kattaqo‘rg‘on t.","Kattaqo‘rg‘on","Narpay","Nurabod","Oqdaryo","Paxtachi","Payariq","Pastdarg‘om","Qo‘shrabot","Toyloq","Urgut"],
  "Sirdaryo": ["Guliston t.","Guliston","Baxt","Boyovut","Hovos","Mirzaobod","Oqoltin","Sayxunobod","Sardoba","Sirdaryo","Xovos"],
  "Surxondaryo": ["Termiz t.","Termiz","Angor","Bandixon","Boysun","Denov","Jarqo‘rg‘on","Qiziriq","Muzrabot","Oltinsoy","Sariosiyo","Sherobod","Sho‘rchi","Uzun"],
  "Toshkent viloyati": ["Nurafshon t.","Bekobod","Bo‘ka","Bostonliq","Chinoz","Ohangaron t.","Ohangaron","Oqqo‘rg‘on","Parkent","Piskent","Quyi Chirchiq","Yangiyo‘l t.","Yangiyo‘l","Yuqori Chirchiq","Zangiota","Chirchiq t.","Angren t.","Bekobod t."],
  "Toshkent shahri": ["Bektemir","Chilonzor","Mirobod","Mirzo Ulug‘bek","Olmazor","Sergeli","Shayxontohur","Uchtepa","Yakkasaroy","Yashnobod","Yunusobod","Yangihayot"],
  "Xorazm": ["Urganch t.","Urganch","Bog‘ot","Gurlan","Hazorasp","Xiva t.","Xiva","Qo‘shko‘pir","Shovot","Xonqa","Yangiariq","Yangibozor"]
}
