Img url|Title|Meta|tugma nomi|tugma linki
https://images.unsplash.com/photo-1520975916090-3105956dac38?q=80&w=1200|Testlar|Oson / O‘rta / Qiyin — 10 ta savol|Boshlash|./tests.html
https://images.unsplash.com/photo-1519681393784-d120267933ba?q=80&w=1200|Live|Pre-join, start lock, jonli reyting|Kirish|./live.html
https://images.unsplash.com/photo-1509228627152-72ae9ae6848d?q=80&w=1200|Reyting|Top 100 olmos|Ko‘rish|./leaderboard.html
https://images.unsplash.com/photo-1558021212-51b6ecfa0db9?q=80&w=1200|Sozlamalar|Profil, natijalar, balans, admin|Ochish|./settings.html
