Img url,Title,Tugma linki,Bo'lim
https://images.unsplash.com/photo-1518779578993-ec3579fee39f?q=80&w=1200,Refleks tezligi,./sim/reflex.html,Tezkorlik
https://images.unsplash.com/photo-1558021212-51b6ecfa0db9?q=80&w=1200,Son topish,./sim/number-guess.html,Matematika
https://images.unsplash.com/photo-1520975916090-3105956dac38?q=80&w=1200,Diagram analiz,./sim/diagram.html,Tahlil
https://images.unsplash.com/photo-1509228627152-72ae9ae6848d?q=80&w=1200,Kasrlarni qo‘shish,./sim/fractions.html,Matematika
