{
  "schemaVersion": 7,
  "items": [
    {
      "id": "om001",
      "name": "OrzuMall — Smart Watch (Series X)",
      "price": 349000,
      "oldPrice": 401300,
      "currency": "UZS",
      "installmentText": "29 100 so'm/oyiga",
      "popularScore": 93,
      "createdAt": "2026-01-15",
      "tags": [
        "smart",
        "watch",
        "gadget"
      ],
      "subtitle": "Aqlli soat — premium dizayn, sensorlar, suvga chidamli.",
      "description": "Smart Watch (Series X). Rang va razmerga qarab narx o'zgaradi.",
      "colors": [
        {
          "name": "Gold",
          "hex": "#D4AF37"
        },
        {
          "name": "Black",
          "hex": "#1B1F2A"
        },
        {
          "name": "Silver",
          "hex": "#C7CDD7"
        }
      ],
      "sizes": [
        "S",
        "M",
        "L"
      ],
      "imagesByColor": {
        "Gold": [
          "https://picsum.photos/seed/om001-gold-1/800/1000",
          "https://picsum.photos/seed/om001-gold-2/800/1000"
        ],
        "Black": [
          "https://picsum.photos/seed/om001-black-1/800/1000",
          "https://picsum.photos/seed/om001-black-2/800/1000"
        ],
        "Silver": [
          "https://picsum.photos/seed/om001-silver-1/800/1000"
        ]
      },
      "images": [
        "https://picsum.photos/seed/om001-generic-1/800/1000"
      ],
      "variants": [
        {
          "color": "Gold",
          "size": "S",
          "price": 349000,
          "oldPrice": 401300,
          "installmentText": "29 100 so'm/oyiga"
        },
        {
          "color": "Gold",
          "size": "M",
          "price": 359000,
          "oldPrice": 411300,
          "installmentText": "29 900 so'm/oyiga"
        },
        {
          "color": "Gold",
          "size": "L",
          "price": 369000,
          "oldPrice": 421300,
          "installmentText": "30 700 so'm/oyiga"
        },
        {
          "color": "Black",
          "size": null,
          "price": 339000,
          "oldPrice": 391300,
          "installmentText": "28 200 so'm/oyiga"
        },
        {
          "color": null,
          "size": "L",
          "price": 365000,
          "oldPrice": 0,
          "installmentText": "30 400 so'm/oyiga"
        }
      ]
    },
    {
      "id": "om002",
      "name": "Bluetooth Naushnik (Pro)",
      "price": 199000,
      "oldPrice": 228800,
      "currency": "UZS",
      "installmentText": "16 600 so'm/oyiga",
      "popularScore": 88,
      "createdAt": "2026-01-27",
      "tags": [
        "naushnik",
        "audio",
        "bt"
      ],
      "description": "Rangga qarab narx o'zgaradi (White biroz qimmat).",
      "colors": [
        {
          "name": "Black",
          "hex": "#1B1F2A"
        },
        {
          "name": "White",
          "hex": "#F3F6FF"
        }
      ],
      "sizes": [
        "M",
        "L"
      ],
      "imagesByColor": {
        "Black": [
          "https://picsum.photos/seed/om002-black-1/800/1000",
          "https://picsum.photos/seed/om002-black-2/800/1000"
        ],
        "White": [
          "https://picsum.photos/seed/om002-white-1/800/1000",
          "https://picsum.photos/seed/om002-white-2/800/1000"
        ]
      },
      "variants": [
        {
          "color": "White",
          "size": null,
          "price": 209000,
          "oldPrice": 239000,
          "installmentText": "17 400 so'm/oyiga"
        },
        {
          "color": "Black",
          "size": null,
          "price": 199000,
          "oldPrice": 228800,
          "installmentText": "16 600 so'm/oyiga"
        },
        {
          "color": null,
          "size": "L",
          "price": 214000,
          "oldPrice": 0,
          "installmentText": "17 800 so'm/oyiga"
        }
      ]
    },
    {
      "id": "om003",
      "name": "Telefon G'ilofi (Premium)",
      "price": 49000,
      "oldPrice": 56300,
      "currency": "UZS",
      "installmentText": "4 100 so'm/oyiga",
      "popularScore": 70,
      "createdAt": "2025-12-30",
      "tags": [
        "case",
        "telefon",
        "premium"
      ],
      "description": "Ko'p ranglar (scroll test) + tanlangan rang belgisi test.",
      "colors": [
        {
          "name": "Gold",
          "hex": "#D4AF37"
        },
        {
          "name": "Soft Gold",
          "hex": "#E6C86E"
        },
        {
          "name": "Dark Gold",
          "hex": "#B8962E"
        },
        {
          "name": "Champagne",
          "hex": "#F2E3B3"
        },
        {
          "name": "Bronze",
          "hex": "#8C6A2A"
        },
        {
          "name": "Black",
          "hex": "#1B1F2A"
        },
        {
          "name": "Charcoal",
          "hex": "#2A2F3A"
        },
        {
          "name": "Slate Dark",
          "hex": "#3A3F4B"
        },
        {
          "name": "Soft Gray",
          "hex": "#9FA4AE"
        },
        {
          "name": "Ivory",
          "hex": "#F7F6F2"
        }
      ],
      "sizes": [
        "M",
        "L"
      ],
      "imagesByColor": {
        "Gold": [
          "https://picsum.photos/seed/om003-gold-1/800/1000",
          "https://picsum.photos/seed/om003-gold-2/800/1000"
        ],
        "Black": [
          "https://picsum.photos/seed/om003-black-1/800/1000",
          "https://picsum.photos/seed/om003-black-2/800/1000"
        ],
        "Ivory": [
          "https://picsum.photos/seed/om003-ivory-1/800/1000"
        ]
      },
      "images": [
        "https://picsum.photos/seed/om003-generic-1/800/1000"
      ],
      "variants": [
        {
          "color": "Ivory",
          "size": null,
          "price": 55000,
          "oldPrice": 63000,
          "installmentText": "4 600 so'm/oyiga"
        },
        {
          "color": "Black",
          "size": null,
          "price": 49000,
          "oldPrice": 56300,
          "installmentText": "4 100 so'm/oyiga"
        },
        {
          "color": null,
          "size": "L",
          "price": 59000,
          "oldPrice": 0,
          "installmentText": "4 900 so'm/oyiga"
        }
      ]
    },
    {
      "id": "om004",
      "name": "Powerbank 20000mAh",
      "price": 219000,
      "oldPrice": 251800,
      "currency": "UZS",
      "installmentText": "18 200 so'm/oyiga",
      "popularScore": 91,
      "createdAt": "2026-01-30",
      "tags": [
        "powerbank",
        "charging",
        "usb-c"
      ],
      "description": "Faqat rang bo'yicha rasm va narx o'zgaradi.",
      "colors": [
        {
          "name": "Black",
          "hex": "#1B1F2A"
        },
        {
          "name": "White",
          "hex": "#F3F6FF"
        },
        {
          "name": "Blue",
          "hex": "#2F6BFF"
        }
      ],
      "sizes": [
        "S",
        "M",
        "L"
      ],
      "imagesByColor": {
        "Black": [
          "https://picsum.photos/seed/om004-black-1/800/1000",
          "https://picsum.photos/seed/om004-black-2/800/1000"
        ],
        "White": [
          "https://picsum.photos/seed/om004-white-1/800/1000"
        ],
        "Blue": [
          "https://picsum.photos/seed/om004-blue-1/800/1000"
        ]
      },
      "images": [
        "https://picsum.photos/seed/om004-generic-1/800/1000"
      ],
      "variants": [
        {
          "color": "Blue",
          "size": null,
          "price": 229000,
          "oldPrice": 259000,
          "installmentText": "19 100 so'm/oyiga"
        },
        {
          "color": "White",
          "size": null,
          "price": 224000,
          "oldPrice": 254000,
          "installmentText": "18 700 so'm/oyiga"
        }
      ]
    },
    {
      "id": "om005",
      "name": "Sport Krossovka (Runner)",
      "price": 399000,
      "oldPrice": 0,
      "currency": "UZS",
      "installmentText": "",
      "popularScore": 55,
      "createdAt": "2026-01-10",
      "tags": [
        "shoes",
        "sport",
        "runner"
      ],
      "description": "Faqat razmer bo'yicha narx o'zgarishi testi.",
      "colors": [
        {
          "name": "White",
          "hex": "#F3F6FF"
        }
      ],
      "sizes": [
        "39",
        "40",
        "41",
        "42",
        "43",
        "44"
      ],
      "images": [
        "https://picsum.photos/seed/om005-1/800/1000",
        "https://picsum.photos/seed/om005-2/800/1000"
      ],
      "variants": [
        {
          "color": null,
          "size": "39",
          "price": 389000
        },
        {
          "color": null,
          "size": "40",
          "price": 399000
        },
        {
          "color": null,
          "size": "41",
          "price": 409000
        },
        {
          "color": null,
          "size": "42",
          "price": 419000
        },
        {
          "color": null,
          "size": "43",
          "price": 429000
        },
        {
          "color": null,
          "size": "44",
          "price": 439000
        }
      ]
    },
    {
      "id": "om006",
      "name": "Minimalist Daftar A5 (Qalin muqova)",
      "price": 29000,
      "currency": "UZS",
      "popularScore": 40,
      "createdAt": "2025-11-12",
      "tags": [
        "office",
        "notebook"
      ],
      "description": "Variant yo'q (oddiy mahsulot) — fallback test.",
      "images": [
        "https://picsum.photos/seed/om006-1/800/1000"
      ],
      "installmentText": ""
    },
    {
      "id": "om007",
      "name": "Ultra uzun nomli mahsulot — UI clamp2 / qidiruv / tag testi (Limited Edition 2026)",
      "price": 159000,
      "oldPrice": 189000,
      "currency": "UZS",
      "installmentText": "13 200 so'm/oyiga",
      "popularScore": 66,
      "createdAt": "2026-02-01",
      "tags": [
        "longname",
        "ui",
        "test",
        "limited"
      ],
      "description": "Narx string bo'lsa ham parse bo'lishi kerak.",
      "colors": [
        {
          "name": "Red",
          "hex": "#EF4444"
        },
        {
          "name": "Green",
          "hex": "#22C55E"
        }
      ],
      "sizes": [
        "XS",
        "S",
        "M"
      ],
      "imagesByColor": {
        "Red": [
          "https://picsum.photos/seed/om007-red-1/800/1000"
        ],
        "Green": [
          "https://picsum.photos/seed/om007-green-1/800/1000"
        ]
      },
      "images": [
        "https://picsum.photos/seed/om007-generic-1/800/1000"
      ],
      "variants": [
        {
          "color": "Red",
          "size": "M",
          "price": 169000,
          "oldPrice": 199000,
          "installmentText": "14 100 so'm/oyiga"
        }
      ]
    },
    {
      "id": "om008",
      "name": "Kiyim — Hoodie (Unisex)",
      "price": 249000,
      "oldPrice": 289000,
      "currency": "UZS",
      "installmentText": "20 700 so'm/oyiga",
      "popularScore": 99,
      "createdAt": "2026-01-05",
      "tags": [
        "hoodie",
        "clothes",
        "unisex"
      ],
      "description": "Rang + razmer kombinatsiyasi bo'yicha narx (matrix) testi.",
      "colors": [
        {
          "name": "Black",
          "hex": "#111827"
        },
        {
          "name": "Cream",
          "hex": "#FFF7ED"
        },
        {
          "name": "Purple",
          "hex": "#7A5CE6"
        }
      ],
      "sizes": [
        "S",
        "M",
        "L",
        "XL"
      ],
      "imagesByColor": {
        "Black": [
          "https://picsum.photos/seed/om008-black-1/800/1000"
        ],
        "Cream": [
          "https://picsum.photos/seed/om008-cream-1/800/1000"
        ],
        "Purple": [
          "https://picsum.photos/seed/om008-purple-1/800/1000"
        ]
      },
      "variants": [
        {
          "color": "Purple",
          "size": "XL",
          "price": 279000,
          "oldPrice": 309000,
          "installmentText": "23 200 so'm/oyiga"
        },
        {
          "color": "Cream",
          "size": null,
          "price": 259000,
          "oldPrice": 299000,
          "installmentText": "21 600 so'm/oyiga"
        },
        {
          "color": null,
          "size": "XL",
          "price": 269000,
          "oldPrice": 0,
          "installmentText": "22 400 so'm/oyiga"
        }
      ]
    }
  ]
}