{
  "banners": [
    {
      "title": "🎉 2025 AKSIYASI",
      "image": "banner/banner1.png",
      "subtitle": "Promo kod: 2025 — faollashtiring va balansga +100 000 so‘m!",
      "bg": "#0b3d2c",
      "link": "/promo-2025.html",
      "tags": []
    }
  ],
  "cards": {
    "tests": [
      {
        "title": "Algebra — Onlayn sinov (30 savol)",
        "image": "/img/tests/algebra30.jpg",
        "link": "/tests/algebra-30.html",
        "tags": ["algebra","test"],
        "best": true,
        "home": true,
        "mode": "online",
        "prize": "1-o‘rin — 500 000 so‘m",
        "startAt": "2025-10-20T19:00:00+05:00",
        "endAt":   "2025-10-20T21:00:00+05:00",
        "detailsHtml": "<p>30 ta savol, 120 daqiqa. Top 10 ta ishtirokchi reytingga kiradi.</p>"
      },
      {
        "title": "Geometriya mashqlar to‘plami",
        "image": "/img/tests/geometry-pack.jpg",
        "link": "/tests/geometry-pack.html",
        "tags": ["geometriya","test"],
        "home": true
      }
    ],
    "courses": [
      {
        "title": "Kombinatorika — tezkor kurs",
        "image": "/img/courses/comb.jpg",
        "link": "/courses/comb.html",
        "tags": ["kombinatorika"]
      }
    ],
    "simulators": [
      {
        "title": "Kasrlarni soddalashtirish simulyatori",
        "image": "/img/sim/kasr-simplify.jpg",
        "link": "/sim/kasr.html",
        "tags": ["kasr","simulyator"],
        "home": true
      }
    ]
  }
}
