{
  "products": [
    {
      "id": "p1",
      "title": "Aqlli soat Pro",
      "price": 199000,
      "category": "Gadjetlar"
    },
    {
      "id": "p2",
      "title": "Simsiz quloqchin Air",
      "price": 149000,
      "category": "Audio"
    },
    {
      "id": "p3",
      "title": "Telefon g'ilofi Premium",
      "price": 39000,
      "category": "Aksessuarlar"
    },
    {
      "id": "p4",
      "title": "Powerbank 10 000mAh",
      "price": 129000,
      "category": "Quvvat"
    },
    {
      "id": "p5",
      "title": "USB‑C kabel (2m)",
      "price": 19000,
      "category": "Aksessuarlar"
    },
    {
      "id": "p6",
      "title": "Bluetooth kolonka Mini",
      "price": 99000,
      "category": "Audio"
    },
    {
      "id": "p7",
      "title": "Zaryad adapter 20W",
      "price": 59000,
      "category": "Quvvat"
    },
    {
      "id": "p8",
      "title": "Smart lamp LED",
      "price": 79000,
      "category": "Uy"
    }
  ]
}